"brand","name","size","price","currency","description","benefits","directions","ingredients","sku","categories","image_local","image_url","source_url","manual_review","review_notes"
"VitaDerm","Gentle Eye Make-Up Remover","50ml bottle with atomiser","158","ZAR","This Gentle Eye Make-up Remover is a mild, hypo-allergenic formulation that is highly suitable for the removal of water-resistant and smudge-proof eye make-up. It is formulated with calming and soothing phyto actives of chamomile and green tea and set at a pH of 5.6 to be especially gentle on the delicate eye area. It is recommended for those with sensitive eyes.","This Gentle Eye Make-up Remover is a mild, hypo-allergenic formulation that is highly suitable for the removal of water-resistant and smudge-proof eye make-up. It is formulated with calming and soothing phyto actives of chamomile and green tea and set at a pH of 5.6 to be especially gentle on the delicate eye area. It is recommended for those with sensitive eyes.","Use 3 – 5 sprays on a cotton wool pad. Hold in place over the eyelid for a few seconds, then gently wipe from the outside to the inside of the eyelid. May also be used to cleanse the face during the course of the day before re-application of make-up.","AQUA, NIACINAMIDE, PEG-7 GLYCERYL COCOATE, GLYCERETH-26, COCAMIDOPROPYL BETAINE, PANTHANOL, CAMILLIA SINENSIS (LEAF) EXTRACT, CHAMOMILLA MATRICARIA (FLOWER) EXTRACT, CITRIC ACID, PHENOXYETHANOL, ETHYLHEXYL GLYCERIN.","VR-GEMR50","Breakout-Prone Skin | Dehydrated Skin | Mature | Normal Combination | Sensitive | Uneven Skin Tone | Skincare","images/webp/gentle-eye-make-up-remover.webp","https://vitaderm.co.za/wp-content/uploads/2020/10/GEMR50.jpg","https://vitaderm.co.za/product/gentle-eye-make-up-remover/","false",""
"VitaDerm","Pre-Cleanse","100ml tube with flip cap","310","ZAR","The unique Pre-Cleanse applies as an oil-gel, but transforms into a milk with the addition of water. Pre-Cleanse is a completely water-soluble formulation that emulsifies and removes make-up and daily impurities from the skin. It is suitable for all skin types. It may be used prior to the normal cleansing routine or take the place of the cleanser. For oily skin types, it is recommended that the Mild Gel Cleanser is used after the Pre-Cleanse. Pre-cleanse is popular with men as a means with which to shave.","The unique Pre-Cleanse applies as an oil-gel, but transforms into a milk with the addition of water. Pre-Cleanse is a completely water-soluble formulation that emulsifies and removes make-up and daily impurities from the skin. It is suitable for all skin types. It may be used prior to the normal cleansing routine or take the place of the cleanser. For oily skin types, it is recommended that the Mild Gel Cleanser is used after the Pre-Cleanse. Pre-cleanse is popular with men as a means with which to shave.","To remove waterproof eye make-up, apply sparingly to a slightly damp cotton wool pad. Wipe eyelids gently from the outside to the inside, avoiding direct contact with the eyes. Repeat with clean, damp cotton wool. As a cleanser, apply to the face without the addition of water. Use gentle circular movements, then dampen the fingertips to emulsify the Pre-Cleanse. As soon as the water is added, the oil-gel will turn milky. Continue to add water. Remove with cotton wool or rinse off. Follow with appropriate toner or use the normal cleanser as a secondary cleanse.","VITIS VINIFERA (SEED) EXTRACT, PRUNUS DULCIS (SEED) EXTRACT, SIMMONDSIA CHINENSIS (SEED) EXTRACT, LECITHIN, FUMED SILICA, TOCOPHERYL ACETATE (VITAMIN E ANTI-OXIDANT).","VR-PRC100","Breakout-Prone Skin | Dehydrated Skin | Mature | Normal Combination | Skincare","images/webp/pre-cleanse.webp","https://vitaderm.co.za/wp-content/uploads/2020/10/PC100.jpg","https://vitaderm.co.za/product/pre-cleanse/","false",""
"VitaDerm","Gentle Cream Cleanser","200ml bottle with pump","410","ZAR","The aromatic Gentle Cream Cleanser contains lavender, chamomile and rosewood extracts. This creamy milk cleanser is gentle on the skin, while effectively removing daily pollution and make-up. The velvety texture leaves the skin feeling fresh and revitalised. Recommended for all skin types, including ultra-sensitive.","The aromatic Gentle Cream Cleanser contains lavender, chamomile and rosewood extracts. This creamy milk cleanser is gentle on the skin, while effectively removing daily pollution and make-up. The velvety texture leaves the skin feeling fresh and revitalised. Recommended for all skin types, including ultra-sensitive.","Apply this creamy milk cleanser to the skin using light circular movements. Remove with cotton wool or rinse off. It is preferable to remove eye make-up with the Gentle Eye Make-up Remover.","AQUA, CAPRYLIC/CAPRIC TRIGLYCERIDE, GLYCERYLSTEARATE, GLYCERIN, COCOGLYCERIDES, STEARIC ACID, PEG-100 STEARATE, POLYSORBATE-20, LAVENDULA OFFICINALIS (FLOWER) EXTRACT, MATRICARIA CAMOMILLA, ANIBA ROSEADORA (BARK) EXTRACT, PELARGONIUM GRAVEOLENS (LEAF) EXTRACT, CARBOMER, DISODIUM EDTA, PHENOXYETHANOL, ETHYLHEXYL GLYCERIN.","VR-GCC200","Dehydrated Skin | Mature | Sensitive | Skincare","images/webp/gentle-cream-cleanser.webp","https://vitaderm.co.za/wp-content/uploads/2020/10/GCC200.jpg","https://vitaderm.co.za/product/gentle-cream-cleanser/","false",""
"VitaDerm","Mild Gel Cleanser","200 ml","378","ZAR","This luxurious aromatic Mild Gel Cleanser contains sandalwood, lavender and petitgrain extracts. It effectively cleanses even the most sensitive skin without stripping the epidermis. This cleanser does not contain any sodium lauryl sulphate, but rather a plant-based foaming agent known as saponaria extract. Recommended for normal to oily skin types, or anyone who prefers a gel wash to a creamy cleanser.","This luxurious aromatic Mild Gel Cleanser contains sandalwood, lavender and petitgrain extracts. It effectively cleanses even the most sensitive skin without stripping the epidermis. This cleanser does not contain any sodium lauryl sulphate, but rather a plant-based foaming agent known as saponaria extract. Recommended for normal to oily skin types, or anyone who prefers a gel wash to a creamy cleanser.","","","VR-MGC200","Dehydrated Skin | Normal Combination | Sensitive | Skincare","images/webp/mild-gel-cleanser.webp","https://vitaderm.co.za/wp-content/uploads/2024/07/MGC200p.jpg","https://vitaderm.co.za/product/mild-gel-cleanser/","true","Directions not published; Ingredients not published"
"VitaDerm","Purifying Cleanser","150ml bottle with pump","310","ZAR","This refreshing, aromatic gel Purifying Cleanser contains botanical extracts of white thyme, tea tree, juniper berry and cedarwood which offer antiseptic and healing benefits. The addition of the fruit acid complex further assists in restoring the natural balance of problematic skin. It effectively removes excess sebum and impurities from the skin without stripping the epidermis. It furthermore assists in normalising skin that is prone to breakouts. This gel cleanser is ideal for clients prone to acne, as well as oily and congested skins.","This refreshing, aromatic gel Purifying Cleanser contains botanical extracts of white thyme, tea tree, juniper berry and cedarwood which offer antiseptic and healing benefits. The addition of the fruit acid complex further assists in restoring the natural balance of problematic skin. It effectively removes excess sebum and impurities from the skin without stripping the epidermis. It furthermore assists in normalising skin that is prone to breakouts. This gel cleanser is ideal for clients prone to acne, as well as oily and congested skins.","Using a small amount of gel, dampen the fingertips and work up a copious lather between the palms and apply using gentle circular movements. Rinse well. Follow with an application of the Antiseptic Toner and a moisturiser.","AQUA, COCOAMIDOPROPYL BETANE, LAURYL POLYGLUCOSE, SODIUM COCOAMPHOACETATE, SAPONARIA OFFICINALIS EXTRACT, GLYCERIN, PEG-90 GLYCERYL ISOSTEARATE, LAURETH-2, FRUIT ACID COMPLEX, JUNIPERUS OFFICINALIS (SEED) EXTRACT, CEDARA VIRGINIANA (STEM) EXTRACT, THYMUS VULGARIS (LEAF) EXTRACT, PINUS PALUSRIS (LEAF) EXTRACT, DISODIUM EDTA, PHENOXYETHANOL, ETHYLHEXYLGLYCERIN.","VR-PGC150","Breakout-Prone Skin | Skincare","images/webp/purifying-cleanser.webp","https://vitaderm.co.za/wp-content/uploads/2020/10/PC150.jpg","https://vitaderm.co.za/product/purifying-cleanser/","false",""
"VitaDerm","Nourishing Cream Cleanser","100ml tube with flip cap","315","ZAR","This aromatic Nourishing Cream Cleanser contains phyto extracts of avocado, grape seed, frankincense and palmarosa to gently remove daily pollutants and makeup, leaving the skin feeling conditioned and supple. It offers excellent emollient properties due to the addition of avocado extract. It thoroughly cleanses the skin, ensuring optimum skin conditioning. This Nourishing Cream Cleanser is highly recommended for dry and mature skin types.","This aromatic Nourishing Cream Cleanser contains phyto extracts of avocado, grape seed, frankincense and palmarosa to gently remove daily pollutants and makeup, leaving the skin feeling conditioned and supple. It offers excellent emollient properties due to the addition of avocado extract. It thoroughly cleanses the skin, ensuring optimum skin conditioning. This Nourishing Cream Cleanser is highly recommended for dry and mature skin types.","Apply to the skin using light circular movements. Remove with cotton wool or rinse off. It is preferable to remove eye make-up with Gentle Eye Make-up Remover. Follow with the application of the Conditioning Toner.","AQUA, GLYCERYL MONOSTEARATE, PERSEA AMERICANA (SEED) EXTRACT, VITIS VINIFERA (SEED) EXTRACT, GLYCINE MAX (SEED) EXTRACT, BUTYLENE GLYCOL, DISODIUM EDTA, TOCOPHERYL ACETATE (VITAMIN E), BOSWELLIA CARTERI (BARK) EXTRACT, CYMBOPOGON MARTINI (LEAF) EXTRACT, LAVENDULA OFFICINALIS (FLOWER) EXTRACT, PHENOXYETHANOL, ETHYLHEXYL GLYCERIN.","VR-NCC100","Skincare","images/webp/nourishing-cream-cleanser.webp","https://vitaderm.co.za/wp-content/uploads/2020/10/NCC100.jpg","https://vitaderm.co.za/product/nourishing-cream-cleanser/","false",""
"VitaDerm","Conditioning Toner","200ml bottle with atomiser","404","ZAR","This mild alcohol-free formulation contains botanical extracts of chamomile, palmarosa and geranium. It effectively removes all traces of cleanser and restores the acid pH level of the skin. The addition of magnesium ascorbyl phosphate (M.A.P), a Vitamin C derivative, offers outstanding anti-oxidant properties. Recommended for normal, dry and mature skins.","This mild alcohol-free formulation contains botanical extracts of chamomile, palmarosa and geranium. It effectively removes all traces of cleanser and restores the acid pH level of the skin. The addition of magnesium ascorbyl phosphate (M.A.P), a Vitamin C derivative, offers outstanding anti-oxidant properties. Recommended for normal, dry and mature skins.","Apply morning and evening using dry cotton wool, or spritz directly onto the skin after cleansing. For sensitive skin, apply using slightly damp cotton wool.","AQUA, BUTYLENE GLYCOL, POLYSORBATE 80, CETYL LACTATE, POE – 20 SORBITAN MONOLAURATE, AVOCADO EXTRACT, ALLANTOIN, MATRICARIA CAMOMILLA (FLOWER) EXTRACT, CYMBOPOGON MARTINI (LEAF) EXTRACT, PELARGONIUM GRAVEOLENS (LEAF) EXTRACT, MAGNESIUM ASCORBYL PHOSPHATE (M.A.P.), PHENOXYETHANOL, ETHYL HEXYL GLYCERIN.","VR-CT200","Dehydrated Skin | Mature | Skincare","images/webp/conditioning-toner.webp","https://vitaderm.co.za/wp-content/uploads/2020/10/CT200.jpg","https://vitaderm.co.za/product/conditioning-toner/","false",""
"VitaDerm","Regulating Toner","200ml bottle with atomiser","404","ZAR","This Regulating Toner is a mild alcohol-free formulation that contains botanical extracts of rosemary, ylang-ylang and witch hazel. It effectively removes all traces of cleanser and restores the acid pH level of the skin. The addition of magnesium ascorbyl phosphate (M.A.P.), a Vitamin C derivative, offers outstanding anti-oxidant properties.","This Regulating Toner is a mild alcohol-free formulation that contains botanical extracts of rosemary, ylang-ylang and witch hazel. It effectively removes all traces of cleanser and restores the acid pH level of the skin. The addition of magnesium ascorbyl phosphate (M.A.P.), a Vitamin C derivative, offers outstanding anti-oxidant properties.","","","VR-RT200","Dehydrated Skin | Normal Combination | Skincare","images/webp/regulating-toner.webp","https://vitaderm.co.za/wp-content/uploads/2020/10/RT200.jpg","https://vitaderm.co.za/product/regulating-toner/","true","Directions not published; Ingredients not published"
"VitaDerm","Antiseptic Toner","150ml bottle with atomiser","373","ZAR","This alcohol-free toner contains botanical extracts of juniper berry, cedarwood and tea tree which offers anti-bacterial and healing properties. The addition of the fruit acid complex further assists in restoring the natural balance of problematic skin. Recommended for acne-prone, oily and congested skin.","This alcohol-free toner contains botanical extracts of juniper berry, cedarwood and tea tree which offers anti-bacterial and healing properties. The addition of the fruit acid complex further assists in restoring the natural balance of problematic skin. Recommended for acne-prone, oily and congested skin.","Apply morning and evening using damp cotton wool, or spritz directly onto the skin after cleansing.","AQUA, GLYCERIN, POLYSORBATE 80, MONOLAURATE, ALLANTOIN, FRUIT ACID COMPLEX, CEDARA VIRGINIANA (STEM) EXTRACT, JUNIPERUS OFFICINALIS (SEED) EXTRACT, MELALEUCA ALTERNIFOLIA (LEAF) EXTRACT, MAGNESIUM ASCORBYL PHOSPHATE, PHENOXYETHANOL, ETHYLHEXYL GLYCERIN.","VR-AT150","Breakout-Prone Skin | Skincare","images/webp/antiseptic-toner.webp","https://vitaderm.co.za/wp-content/uploads/2020/10/AT150.jpg","https://vitaderm.co.za/product/antiseptic-toner/","false",""
"VitaDerm","Pore Minimising Gel","60ml tube with flip cap","473","ZAR","This oil-free Pore Minimising Gel contains a mastic extract that assists in relieving the symptoms associated with oily, problem skin, by refining the pores and reducing oiliness. The addition of Vitamin B3 further boosts the clarifying effect. It may be used in the morning and/or evening. Men love the matte effect of this product and find it particularly soothing after shaving, due to the addition of sandalwood extract. In the case of acne-prone skin types, the Pore Minimising Gel is recommended for daytime use. The Purifying Treatment Cream is the ideal complement for night time use.","This oil-free Pore Minimising Gel contains a mastic extract that assists in relieving the symptoms associated with oily, problem skin, by refining the pores and reducing oiliness. The addition of Vitamin B3 further boosts the clarifying effect. It may be used in the morning and/or evening. Men love the matte effect of this product and find it particularly soothing after shaving, due to the addition of sandalwood extract. In the case of acne-prone skin types, the Pore Minimising Gel is recommended for daytime use. The Purifying Treatment Cream is the ideal complement for night time use.","Apply the Pore Minimising Gel to a cleansed and toned skin. It may be used in the morning and/or evening.","AQUA, GLYCERIN, GLUCAM E-20, POLY-SORBATE 20, CARBOMER, ALOE BARBADENSIS (LEAF) EXTRACT, HAMAMELIS VIRGINIANA (BARK) EXTRACT, SANTALUM ALBUM (BARK) EXTRACT, PISTACIALENTISCUS (BARK) EXTRACT, NIACINAMIDE (VIT B3), DISODIUM EDTA, PHENOXYETHANOL, ETHYLHEXYL GLYCERIN.","VR-PMG60","Breakout-Prone Skin | Skincare","images/webp/pore-minimising-gel.webp","https://vitaderm.co.za/wp-content/uploads/2020/10/PMG60.jpg","https://vitaderm.co.za/product/pore-minimising-gel/","false",""
"VitaDerm","Ultra-Light Moisture Cream","60ml tube with flip cap","520","ZAR","This Ultra-Light Moisture Cream is a light-textured emulsion and is easily absorbed into the skin. It effectively balances skin sebum production and offers soothing and healing properties. Ideal for young, normal to oily and combination skin.","This Ultra-Light Moisture Cream is a light-textured emulsion and is easily absorbed into the skin. It effectively balances skin sebum production and offers soothing and healing properties. Ideal for young, normal to oily and combination skin.","Apply to a cleansed and toned skin. Use morning and/or evening.","AQUA, BUTYLENE GLYCOL, GLYCERYL MONOSTEARATE, SODIUM PCA, POLYSORBATE 85, SORBITOL, DISODIUM EDTA, MATRICARIA CAMOMILLA (FLOWER) EXTRACT, CITRUS AURANTIUM (LEAF) EXTRACT, LAVENDULA OFFICINALIS (FLOWER) EXTRACT, SANTALUM ALBUM (BARK) EXTRACT, ALLANTOIN, PHENOXYETHANOL, ETHYLHEXYL GLYCERIN.","VR-ULMC60","Normal Combination | Skincare","images/webp/ultra-light-moisture-cream.webp","https://vitaderm.co.za/wp-content/uploads/2024/07/ULMC60p.jpg","https://vitaderm.co.za/product/ultra-light-moisture-cream/","false",""
"VitaDerm","Anti-Oxidant Cream","60ml tube with flip cap","520","ZAR","This Anti-Oxidant Cream is a nutrient-rich conditioning cream that is ideal as a preventative anti-ageing product for the 20’s and 30’s age group. It contains Centella Asiatica and green tea extracts to further boost the skin’s vitality. An ultra-moisturising cream that is highly recommended for normal/combination and dehydrated skin.","This Anti-Oxidant Cream is a nutrient-rich conditioning cream that is ideal as a preventative anti-ageing product for the 20’s and 30’s age group. It contains Centella Asiatica and green tea extracts to further boost the skin’s vitality. An ultra-moisturising cream that is highly recommended for normal/combination and dehydrated skin.","The Anti-Oxidant Cream may be incorporated into the day- or night- routine. For the ultimate in anti-oxidant benefits, apply the Radian-C Serum before the Anti-Oxidant Cream to a cleansed and toned skin.","AQUA, BUTYLENE GLYCOL, PERSEA GRATISSIMA (SEED) EXTRACT, POLYSORBATE 85, CAPRIC/CAPRYLIC TRIGLYCERIDE, PEG 75, PRUNUS DULCIS (SEED) EXTRACT, TOCOPHERYL ACETATE, CAMELLIA SINENSIS (LEAF) EXTRACT, CENTELLA ASIATICUM (LEAF) EXTRACT, ALLANTOIN, DISODIUM EDTA, PHENOXYETHANOL, ETHYLHEXYL GLYCERIN.","VR-AOC60","Dehydrated Skin | Skincare","images/webp/anti-oxidant-cream.webp","https://vitaderm.co.za/wp-content/uploads/2020/10/AOC60.jpg","https://vitaderm.co.za/product/anti-oxidant-cream/","false",""
"VitaDerm","Protective Cream","60ml tube with flip cap","578","ZAR","This Protective Cream offers outstanding protection against the elements. The horse chestnut extract helps reduce redness and the sandalwood is desensitising. Assists in soothing eczema skin. Useful for rashes and insect bites. This moisture cream may be used day and night.","This Protective Cream offers outstanding protection against the elements. The horse chestnut extract helps reduce redness and the sandalwood is desensitising. Assists in soothing eczema skin. Useful for rashes and insect bites. This moisture cream may be used day and night.","","","VR-PC60","Dehydrated Skin | Mature | Sensitive | Skincare","images/webp/protective-cream.webp","https://vitaderm.co.za/wp-content/uploads/2020/10/PC60.jpg","https://vitaderm.co.za/product/protective-cream/","true","Directions not published; Ingredients not published"
"VitaDerm","Desensitising Cream","100ml tube with flip cap","415","ZAR","This multi-functional Desensitising Cream is specifically formulated for allergy-prone skins. It provides a bridging option to calm and desensitise reactive skin. It may be used as a deeply moisturising cleansing cream as well as a moisturiser. This product is fragrance-free. It is the ideal product to use on the body, to soothe and moisturise. The calming effect makes it ideal for eczema and rashes. The Desensitising Cream is also an economical moisture cream for young, problem-free skin types.","This multi-functional Desensitising Cream is specifically formulated for allergy-prone skins. It provides a bridging option to calm and desensitise reactive skin. It may be used as a deeply moisturising cleansing cream as well as a moisturiser. This product is fragrance-free. It is the ideal product to use on the body, to soothe and moisturise. The calming effect makes it ideal for eczema and rashes. The Desensitising Cream is also an economical moisture cream for young, problem-free skin types.","","","VR-DC100","Sensitive | Uneven Skin Tone | Skincare","images/webp/desensitising-cream.webp","https://vitaderm.co.za/wp-content/uploads/2020/10/DC100.jpg","https://vitaderm.co.za/product/desensitising-cream/","true","Directions not published; Ingredients not published"
"VitaDerm","Enzymatic Exfoliator","60ml tube with flip cap","551","ZAR","This granule-free Enzymatic Exfoliator contains extracts of papaya and pineapple to gently dissolve the bonds between keratinised cells on the surface of the skin, thereby revitalising the complexion and enhancing the absorption of treatment products. This gel-based exfoliator effectively exfoliates all skin types, including sensitive skin.","This granule-free Enzymatic Exfoliator contains extracts of papaya and pineapple to gently dissolve the bonds between keratinised cells on the surface of the skin, thereby revitalising the complexion and enhancing the absorption of treatment products. This gel-based exfoliator effectively exfoliates all skin types, including sensitive skin.","","","VR-EGE60","Breakout-Prone Skin | Normal Combination | Sensitive | Skincare","images/webp/enzymatic-exfoliator.webp","https://vitaderm.co.za/wp-content/uploads/2020/10/EE60.jpg","https://vitaderm.co.za/product/enzymatic-exfoliator/","true","Directions not published; Ingredients not published"
"VitaDerm","Salicylic Powder Exfoliator","75g bottle with disc cap","730","ZAR","Experience the skin smoothing & brightening effect of the NEW Salicylic Powder Exfoliator. This tri-active powder formulation contains salicylic acid and fruit enzymes to effectively remove keratinised skin cells and boost skin clarity. The addition of extra fine rice powder gently polishes the surface of the skin for a refined skin texture while niacinamide (Vitamin B3) boosts skin health and brightness. VitaDerm’s Salicylic Powder Exfoliator is an advanced tri-active formulation containing Salicylic Acid, Fruit Enzymes and Niacinamide. WHAT ARE THE ACTIVE INGREDIENTS? Salicylic acid is an oil-soluble hydroxy acid that effectively exfoliates the surface of the skin as well as inside the pores to reduce the buildup of congestion, target breakouts and refine the appearance of pores. In addition, it evens out skin tone and helps fade dark spots for brighter-looking skin. Papain extract is a natural fruit-derived enzyme that helps to remove dry, keratinised skin cells, leaving the skin looking and feeling smoother and healthier. Exfoliation also helps to refine skin texture and promote cell renewal. Niacinamide (Vitamin B3) works with the natural substances in the skin to regulate sebum production and improve barrier function. It visibly minimises pore size, fights premature skin ageing, hydrates the skin and improves skin brightness. Ultra-fine rice powder has been included in the formula for its mechanical exfoliating properties. This antioxidant-rich powder gently polishes the surface of the skin for a smooth and radiant appearance. The anti-inflammatory properties of rice powder target premature skin ageing and boost overall skin health. Visible Results Improved skin texture: By exfoliating and removing the outer layer of dead skin, the skin looks smoother and fine lines are less pronounced. Brighter, more even skin tone: Regular exfoliation helps stimulate cell renewal which promotes healthy-looking skin and reduces the prevalence of hyperpigmented skin cells. Clearer skin: Salicylic acid works deeply by exfoliating inside the pores, thereby reducing the build-up of congestion that leads to breakout. The addition of niacinamide soothes the skin and regulates sebum production. HOW DOES SALICYLIC POWDER EXFOLIATOR WORK? The combination of both chemical and mechanical exfoliating ingredients in this powder exfoliator helps with removing dead skin cells as well as improves the speed of cell turnover which leaves the skin brighter, smoother and more radiant.","Experience the skin smoothing & brightening effect of the NEW Salicylic Powder Exfoliator. This tri-active powder formulation contains salicylic acid and fruit enzymes to effectively remove keratinised skin cells and boost skin clarity. The addition of extra fine rice powder gently polishes the surface of the skin for a refined skin texture while niacinamide (Vitamin B3) boosts skin health and brightness. VitaDerm’s Salicylic Powder Exfoliator is an advanced tri-active formulation containing Salicylic Acid, Fruit Enzymes and Niacinamide. WHAT ARE THE ACTIVE INGREDIENTS? Salicylic acid is an oil-soluble hydroxy acid that effectively exfoliates the surface of the skin as well as inside the pores to reduce the buildup of congestion, target breakouts and refine the appearance of pores. In addition, it evens out skin tone and helps fade dark spots for brighter-looking skin. Papain extract is a natural fruit-derived enzyme that helps to remove dry, keratinised skin cells, leaving the skin looking and feeling smoother and healthier. Exfoliation also helps to refine skin texture and promote cell renewal. Niacinamide (Vitamin B3) works with the natural substances in the skin to regulate sebum production and improve barrier function. It visibly minimises pore size, fights premature skin ageing, hydrates the skin and improves skin brightness. Ultra-fine rice powder has been included in the formula for its mechanical exfoliating properties. This antioxidant-rich powder gently polishes the surface of the skin for a smooth and radiant appearance. The anti-inflammatory properties of rice powder target premature skin ageing and boost overall skin health. Visible Results Improved skin texture: By exfoliating and removing the outer layer of dead skin, the skin looks smoother and fine lines are less pronounced. Brighter, more even skin tone: Regular exfoliation helps stimulate cell renewal which promotes healthy-looking skin and reduces the prevalence of hyperpigmented skin cells. Clearer skin: Salicylic acid works deeply by exfoliating inside the pores, thereby reducing the build-up of congestion that leads to breakout. The addition of niacinamide soothes the skin and regulates sebum production. HOW DOES SALICYLIC POWDER EXFOLIATOR WORK? The combination of both chemical and mechanical exfoliating ingredients in this powder exfoliator helps with removing dead skin cells as well as improves the speed of cell turnover which leaves the skin brighter, smoother and more radiant.","Decant a small amount of Salicylic Powder Exfoliator into the palm of the hand and create a creamy paste by adding a few drops of water. Apply to damp skin using gentle circular motions for one minute, avoiding the eye area. Rinse thoroughly. Pat dry and follow with a moisturiser or complex. May be used once or twice a week.","ORYZA SATIVA POWDER, MICRO-CRYSTALLINE CELLULOSE, CORN STARCH, SUCROSE, SODIUM COCOYL ISETHIONATE, ALLANTOIN, HYDROGENATED CASTOR OIL, HYDROGENATED JOJOBA OIL, SODIUM BENZOATE, TREHALOSE, SALICYLIC ACID, PAPAIN, NIACINAMIDE, SANTALUM ALBUM (SANDALWOOD) WOOD EXTRACT, CITRUS AURANTIUM (FLOWER) EXTRACT, CITRUS PARADISI (FRUIT) EXTRACT.","VR-SPE75","Breakout-Prone Skin | Dehydrated Skin | Uneven Skin Tone | Skincare","images/webp/salicylic-powder-exfoliator.webp","https://vitaderm.co.za/wp-content/uploads/2024/07/SPE75p.jpg","https://vitaderm.co.za/product/salicylic-powder-exfoliator/","false",""
"VitaDerm","Skin Polishing Cream","60ml tube with flip cap","536","ZAR","This Skin Polishing Cream incorporates ultra-fine apricot kernel powder to polish the surface of the skin while the volcanic ash content detoxifies from deep within for noticeably smoother, healthier skin. A 2-in-1 granular exfoliator and detoxifying masque that provides a deep cleansing action. Suitable for all skin types, except those ultra-sensitive to granular exfoliation and volcanic ash.","This Skin Polishing Cream incorporates ultra-fine apricot kernel powder to polish the surface of the skin while the volcanic ash content detoxifies from deep within for noticeably smoother, healthier skin. A 2-in-1 granular exfoliator and detoxifying masque that provides a deep cleansing action. Suitable for all skin types, except those ultra-sensitive to granular exfoliation and volcanic ash.","","","VR-SPC60","Breakout-Prone Skin | Dehydrated Skin | Skincare","images/webp/skin-polishing-cream.webp","https://vitaderm.co.za/wp-content/uploads/2020/10/SPC60.jpg","https://vitaderm.co.za/product/skin-polishing-cream/","true","Directions not published; Ingredients not published"
"VitaDerm","Skin Renewal Gel","60ml tube with flip cap","525","ZAR","This Skin Renewal Gel contains a high concentration of aloe ferox to promote rapid healing of the skin. The addition of lavender and tea tree extracts further assists in promoting healthy skin by acting as a natural anti-microbial agent. Suitable for all skin types, including sensitive, and is ideal for use on sunburnt areas as well as minor burns and abrasions. The formulation is also ideal for use on acne-prone complexions to hydrate the skin and soothe associated sensitivity.","This Skin Renewal Gel contains a high concentration of aloe ferox to promote rapid healing of the skin. The addition of lavender and tea tree extracts further assists in promoting healthy skin by acting as a natural anti-microbial agent. Suitable for all skin types, including sensitive, and is ideal for use on sunburnt areas as well as minor burns and abrasions. The formulation is also ideal for use on acne-prone complexions to hydrate the skin and soothe associated sensitivity.","Apply a generous layer to the face and neck as a masque after exfoliation. Avoid the eye area. Remove with tepid water after 10 – 15 minutes. Follow with a moisturiser or complex to retain moisture. May also be applied as a night treatment gel to reduce inflammation associated with acne-prone skin.","AQUA, ALOE FEROX, GLYCERIN, CARBOMER, LAVENDULA OFFICINALIS (LEAF) EXTRACT, MELALEUCA ALTERNIFOLIA (LEAF) EXTRACT, PHENOXYETHANOL, ETHYLHEXYL GLYCERIN.","VR-SRG60","Breakout-Prone Skin | Skincare","images/webp/skin-renewal-gel.webp","https://vitaderm.co.za/wp-content/uploads/2020/10/SRG60.jpg","https://vitaderm.co.za/product/skin-renewal-gel/","false",""
"VitaDerm","Vitality Booster Masque","60ml tube with flip cap","525","ZAR","The Vitality Booster Masque is a nutriceutical-driven booster treatment that contains powerful Vitamins that act as super anti-oxidants. This formulation offers outstanding anti-ageing benefits while our breakthrough Vitamin C derivative not only offers incredible anti-free radical benefits but also assists in the prevention of solar damage. The Ubiquinol, together with the extract of ginger help to energize the skin at a cellular level. This rich, creamy clay formulation is highly recommended for dry, very dry and mature, environmentally damaged complexions in need of a vitality boost. Perfect as an overnight booster masque to wake up to healthier skin.","The Vitality Booster Masque is a nutriceutical-driven booster treatment that contains powerful Vitamins that act as super anti-oxidants. This formulation offers outstanding anti-ageing benefits while our breakthrough Vitamin C derivative not only offers incredible anti-free radical benefits but also assists in the prevention of solar damage. The Ubiquinol, together with the extract of ginger help to energize the skin at a cellular level. This rich, creamy clay formulation is highly recommended for dry, very dry and mature, environmentally damaged complexions in need of a vitality boost. Perfect as an overnight booster masque to wake up to healthier skin.","","","VR-VBM60","Dehydrated Skin | Mature | Uneven Skin Tone | Skincare","images/webp/vitality-booster-masque.webp","https://vitaderm.co.za/wp-content/uploads/2020/10/VBM60.jpg","https://vitaderm.co.za/product/vitality-booster-masque/","true","Directions not published; Ingredients not published"
"VitaDerm","Lipid Complex","30ml glass bottle with pipette","525","ZAR","The Lipid Complex is 100% fragrance-free and hypo-allergenic. The exceptionally light-textured patented blend of plant-based lipids used in this complex mimics the skin’s own sebum. In addition, it contains medical grade ozone to assist in the oxygenation of the skin. Recommended for all skin types, including sensitive skin, and oily skin that is prone to dehydration.","The Lipid Complex is 100% fragrance-free and hypo-allergenic. The exceptionally light-textured patented blend of plant-based lipids used in this complex mimics the skin’s own sebum. In addition, it contains medical grade ozone to assist in the oxygenation of the skin. Recommended for all skin types, including sensitive skin, and oily skin that is prone to dehydration.","","","VR-LC30","Skincare","images/webp/lipid-complex.webp","https://vitaderm.co.za/wp-content/uploads/2020/04/LC30_Glass.jpg","https://vitaderm.co.za/product/lipid-complex/","true","Directions not published; Ingredients not published"
"VitaDerm","Tissue Repair Complex","30ml airless bottle with pump","525","ZAR","This multi-functional Tissue Repair Complex is a face and body complex that incorporates a blend of phyto actives. Conditioning seed extracts of macadamia, African rosewood and rosehip are incorporated to lock in essential moisture, while invigorating extracts of mandarin, orange blossom and frankincense stimulate cell renewal. It is also the ideal conditioner for body skin and recommended for the treatment of recent scarring, the prevention of stretch marks during pregnancy and preventing moisture loss. Suited for all skin types.","This multi-functional Tissue Repair Complex is a face and body complex that incorporates a blend of phyto actives. Conditioning seed extracts of macadamia, African rosewood and rosehip are incorporated to lock in essential moisture, while invigorating extracts of mandarin, orange blossom and frankincense stimulate cell renewal. It is also the ideal conditioner for body skin and recommended for the treatment of recent scarring, the prevention of stretch marks during pregnancy and preventing moisture loss. Suited for all skin types.","","","VR-TRC30","Normal Combination | Skincare","images/webp/tissue-repair-complex.webp","https://vitaderm.co.za/wp-content/uploads/2020/10/TRC30.jpg","https://vitaderm.co.za/product/tissue-repair-complex/","true","Directions not published; Ingredients not published"
"VitaDerm","Aromatic Complex","30ml glass bottle with pipette","525","ZAR","The Aromatic Complex combines the benefits of phyto actives of sandalwood, rosewood and geranium to enhance skin radiance, stimulate cell renewal and ensure excellent conditioning of the skin. Ideal for all skin types, including sensitive skin. Especially recommended for use on dry, very dry and mature skin types.","The Aromatic Complex combines the benefits of phyto actives of sandalwood, rosewood and geranium to enhance skin radiance, stimulate cell renewal and ensure excellent conditioning of the skin. Ideal for all skin types, including sensitive skin. Especially recommended for use on dry, very dry and mature skin types.","","","VR-AC30","Sensitive | Skincare","images/webp/aromatic-complex.webp","https://vitaderm.co.za/wp-content/uploads/2020/04/AC30_Glass-1.jpg","https://vitaderm.co.za/product/aromatic-complex/","true","Directions not published; Ingredients not published"
"VitaDerm","Nutrient Complex","30ml airless bottle with pump","525","ZAR","This Nutrient Complex is rich in powerful vitamins that act as super anti-oxidants to neutralise the damaging effects of free radicals. The advanced nutriceuticals that have been incorporated into this formulation include a revolutionary Vitamin C compound that is oil-soluble and therefore very stable against oxidation. The addition of ferulic acid and ubiquinol ensures unsurpassed anti-oxidant benefits. This complex is especially suited for dry, very dry and mature skin types.","This Nutrient Complex is rich in powerful vitamins that act as super anti-oxidants to neutralise the damaging effects of free radicals. The advanced nutriceuticals that have been incorporated into this formulation include a revolutionary Vitamin C compound that is oil-soluble and therefore very stable against oxidation. The addition of ferulic acid and ubiquinol ensures unsurpassed anti-oxidant benefits. This complex is especially suited for dry, very dry and mature skin types.","","","VR-NC30","Mature | Normal Combination | Skincare","images/webp/nutrient-complex.webp","https://vitaderm.co.za/wp-content/uploads/2020/04/NC30.jpg.webp","https://vitaderm.co.za/product/nutrient-complex/","true","Directions not published; Ingredients not published"
"VitaDerm","Soothing Balm","50ml jar","394","ZAR","The Soothing Balm offers relief of excessively dry skin by forming a protective film on the skin that seals in the skin’s moisture and prevents trans-epidermal moisture loss for lasting suppleness. This luxurious balm is formulated with extracts of chamomile and lavender. It is also the ideal balm for post-treatment care following advanced aesthetic procedures, such as Collagen Induction Therapy, hydroxy acid peels and laser treatments, to calm the skin and support the healing phases.","The Soothing Balm offers relief of excessively dry skin by forming a protective film on the skin that seals in the skin’s moisture and prevents trans-epidermal moisture loss for lasting suppleness. This luxurious balm is formulated with extracts of chamomile and lavender. It is also the ideal balm for post-treatment care following advanced aesthetic procedures, such as Collagen Induction Therapy, hydroxy acid peels and laser treatments, to calm the skin and support the healing phases.","","","VR-SB50","Dehydrated Skin | Sensitive | Skincare","images/webp/soothing-balm.webp","https://vitaderm.co.za/wp-content/uploads/2020/07/SB50.jpg.webp","https://vitaderm.co.za/product/soothing-balm/","true","Directions not published; Ingredients not published"
"VitaDerm","Intensive Hydrating Serum","60ml tube with flip cap","730","ZAR","This Intensive Hydrating Serum contains hyaluronic acid, which is highly effective for increasing hydration, both on the surface as well as within the deeper layers of the skin. The addition of extracts of jojoba, avocado and allantoin offers outstanding skin conditioning and soothing benefits. Ideal for all skin, especially dehydrated complexions that tend to be dry rather than oily. This serum is also perfect for application as an aftershave balm.","This Intensive Hydrating Serum contains hyaluronic acid, which is highly effective for increasing hydration, both on the surface as well as within the deeper layers of the skin. The addition of extracts of jojoba, avocado and allantoin offers outstanding skin conditioning and soothing benefits. Ideal for all skin, especially dehydrated complexions that tend to be dry rather than oily. This serum is also perfect for application as an aftershave balm.","","","VR-IHS60","Dehydrated Skin | Skincare","images/webp/intensive-hydrating-serum.webp","https://vitaderm.co.za/wp-content/uploads/2020/10/IHS60.jpg","https://vitaderm.co.za/product/intensive-hydrating-serum/","true","Directions not published; Ingredients not published"
"VitaDerm","Radian-C Serum","30ml airless bottle with pump","730","ZAR","This Radian-C Serum is a light-weight gel-serum formulated with a new generation Vitamin C in its purest form. Breakthrough technology allows the bio-available Vitamin C to be released into the deeper layers of the skin to brighten the complexion and increase skin radiance and softness. Hyaluronic acid has been added to the formulation to further increase the effectiveness of this serum by boosting skin hydration and minimising the appearance of fine lines and wrinkles with regular use. Ideal for all skin types, including oily/acne-prone complexions.","This Radian-C Serum is a light-weight gel-serum formulated with a new generation Vitamin C in its purest form. Breakthrough technology allows the bio-available Vitamin C to be released into the deeper layers of the skin to brighten the complexion and increase skin radiance and softness. Hyaluronic acid has been added to the formulation to further increase the effectiveness of this serum by boosting skin hydration and minimising the appearance of fine lines and wrinkles with regular use. Ideal for all skin types, including oily/acne-prone complexions.","","","VR-RCS30","Breakout-Prone Skin | Dehydrated Skin | Normal Combination | Uneven Skin Tone | Skincare","images/webp/radian-c-serum.webp","https://vitaderm.co.za/wp-content/uploads/2020/10/RCS30.jpg","https://vitaderm.co.za/product/radian-c-serum/","true","Directions not published; Ingredients not published"
"VitaDerm","Rapid Hydration Serum","","515","ZAR","This Rapid Hydration Serum is a light-textured fast-absorbing active formulation. It offers advanced skin hydration for all skin types, including oily skin types that are prone to dehydration. The hyaluronic acid and AcquaCell™ content boosts skin moisture levels, thereby reducing the appearance of fine lines and wrinkles, while the addition of Fision Lift assists in toning and firming skin with regular use.","This Rapid Hydration Serum is a light-textured fast-absorbing active formulation. It offers advanced skin hydration for all skin types, including oily skin types that are prone to dehydration. The hyaluronic acid and AcquaCell™ content boosts skin moisture levels, thereby reducing the appearance of fine lines and wrinkles, while the addition of Fision Lift assists in toning and firming skin with regular use.","This serum may be used morning and evening. Apply 3-5 drops to a cleansed and toned skin. Allow to absorb slightly before applying the chosen moisture cream. Follow with your favourite VitaDerm complex to lock in moisture for long-lasting hydration.","AQUA, PHENOXYETHANOL, METHYL GLUCETH-20, GLYCERIN, ETHYLHEXYLGLYCERIN, SODIUM HYALURONATE, HYDROXYETHYLCELLULOSE, CITRULLUS LANATUS (WATERMELON) FRUIT EXTRACT, PYRUS MALUS (APPLE) FRUIT EXTRACT, LENS ESCULENTA (LENTIL) FRUIT EXTRACT, SODIUM LACTATE, SODIUM PCA, HYDROLYZED SOY PROTEIN, ACACIA SENEGAL GUM, XANTHAN GUM, DISODIUM EDTA","VR-RHS30","Dehydrated Skin | Skincare","images/webp/rapid-hydration-serum.webp","https://vitaderm.co.za/wp-content/uploads/2023/03/RHS_Carousel_SMSingles_6.jpg.webp","https://vitaderm.co.za/product/rapid-hydration-serum/","true","Pack size needs manual review"
"VitaDerm","Retinol Serum","30ml airless bottle with pump","882","ZAR","The Retinol Serum is VitaDerm’s most rejuvenating serum. This tri-active skin-perfecting formulation contains a 2.5% blend of Vitamin A derivatives which offer super anti-oxidant properties that protect cell DNA and enhance skin regeneration. Highly Effective Ingredients Retinol is the primary, naturally occurring form of Vitamin A and is particularly renowned for its anti-ageing properties. Retinyl palmitate is a milder derivative of Vitamin A, which increases the activity of the serum without the associated irritation that is often experienced with retinol products. The addition of betacarotene, a precursor of Vitamin A, provides a wonderful conditioning effect, ensuring a radiant complexion. Visible Results With regular use of VitaDerm’s Retinol Serum, the dermal- and epidermal layers of the skin appear plumper and wrinkles appear to be reduced in number, length and width. The complexion appears fresher and adequately supplied with moisture. This serum is suitable for normal, dry and very dry skin. Innovative Packaging The Retinol Serum is presented in an airless pump dispenser bottle, which protects the contents from exposure to oxygen, thereby retaining the effectiveness of the active ingredients.","The Retinol Serum is VitaDerm’s most rejuvenating serum. This tri-active skin-perfecting formulation contains a 2.5% blend of Vitamin A derivatives which offer super anti-oxidant properties that protect cell DNA and enhance skin regeneration. Highly Effective Ingredients Retinol is the primary, naturally occurring form of Vitamin A and is particularly renowned for its anti-ageing properties. Retinyl palmitate is a milder derivative of Vitamin A, which increases the activity of the serum without the associated irritation that is often experienced with retinol products. The addition of betacarotene, a precursor of Vitamin A, provides a wonderful conditioning effect, ensuring a radiant complexion. Visible Results With regular use of VitaDerm’s Retinol Serum, the dermal- and epidermal layers of the skin appear plumper and wrinkles appear to be reduced in number, length and width. The complexion appears fresher and adequately supplied with moisture. This serum is suitable for normal, dry and very dry skin. Innovative Packaging The Retinol Serum is presented in an airless pump dispenser bottle, which protects the contents from exposure to oxygen, thereby retaining the effectiveness of the active ingredients.","Apply 2 – 4 pumps to the face and neck, avoiding direct contact with eyes. Apply at night, to a cleansed and toned skin. If you are new to using retinol formulations, we recommend performing a patch test and introducing this product into your skin care routine gradually. See how by downloading our Retinol Step-Up Programme. It is essential to apply the Invisible Photo Defence SPF50 daily while using any retinol product.","AQUA, HEMISQUALANE, STEARIC ACID, TREHALOSE, RETINOL, RETINYL PALMITATE, BETACAROTENE, SENEGAL GUM, TOCOPHERYL ACETATE (VITAMIN E), HYDROXYETHYL CELLULOSE, PHENOXYETHANOL, ETHYLHEXYLGLYCERIN","VR-RS30","Mature | Skincare","images/webp/retinol-serum.webp","https://vitaderm.co.za/wp-content/uploads/2022/03/RS30.jpg","https://vitaderm.co.za/product/retinol-serum/","false",""
"VitaDerm","Hydroxy Acid Serum","30ml airless bottle with pump","730","ZAR","This Hydroxy Acid Serum incorporates the powerful exfoliating effect of both alpha- and beta hydroxy acids, including mandelic-, salicylic-, glycolic-, pyruvic- and lactic acid to visibly improve skin clarity. These powerful ingredients work together to restore radiance to all skin types and assist in reducing fine lines and wrinkles by promoting the desquamation of keratinised skin cells and stimulating cellular regeneration. Specifically salicylic acid, an oil-soluble beta hydroxy acid, has the proven ability to exfoliate inside the pilosebaceous unit, thereby decongesting the pores for an overall clearer, healthier complexion. In the case of oily/acne-prone skin types, this serum encourages fewer breakouts by replenishing the acid mantle of the epidermis. By restoring this natural acidity, the skin is able to protect itself more effectively against microbes. This product also assists the skin in healing more rapidly. Ideal for those concerned with uneven pigmentation, congestion and fine lines and wrinkles.","This Hydroxy Acid Serum incorporates the powerful exfoliating effect of both alpha- and beta hydroxy acids, including mandelic-, salicylic-, glycolic-, pyruvic- and lactic acid to visibly improve skin clarity. These powerful ingredients work together to restore radiance to all skin types and assist in reducing fine lines and wrinkles by promoting the desquamation of keratinised skin cells and stimulating cellular regeneration. Specifically salicylic acid, an oil-soluble beta hydroxy acid, has the proven ability to exfoliate inside the pilosebaceous unit, thereby decongesting the pores for an overall clearer, healthier complexion. In the case of oily/acne-prone skin types, this serum encourages fewer breakouts by replenishing the acid mantle of the epidermis. By restoring this natural acidity, the skin is able to protect itself more effectively against microbes. This product also assists the skin in healing more rapidly. Ideal for those concerned with uneven pigmentation, congestion and fine lines and wrinkles.","","","VR-HAS30","Breakout-Prone Skin | Mature | Normal Combination | Uneven Skin Tone | Skincare","images/webp/hydroxy-acid-serum.webp","https://vitaderm.co.za/wp-content/uploads/2020/10/HAS30.jpg","https://vitaderm.co.za/product/hydroxy-acid-serum/","true","Directions not published; Ingredients not published"
"VitaDerm","Illuminating Lifting Gel","60ml tube with flip cap","725","ZAR","The Illuminating Lifting Gel is a creamy gel-formulation incorporating multi-active ingredients, including Matrixyl 3000 and AcquaCell™ that ensure lasting moisturisation as well as a noticeable softening effect on fine lines and wrinkles. The addition of LipoLight , a revolutionary light-diffusing ingredient, helps reduce the appearance of fine lines and wrinkles, ensuring a photo-ready complexion, while the hyaluronic acid provides skin-smoothing benefits. Finally, pullulan has been added for its skin tightening and toning benefits while it also protects the skin from daily pollutants. Recommended for mature complexions and as a preventative anti-ageing treatment for younger skin. Not suitable for oily, problematic skin.","The Illuminating Lifting Gel is a creamy gel-formulation incorporating multi-active ingredients, including Matrixyl 3000 and AcquaCell™ that ensure lasting moisturisation as well as a noticeable softening effect on fine lines and wrinkles. The addition of LipoLight , a revolutionary light-diffusing ingredient, helps reduce the appearance of fine lines and wrinkles, ensuring a photo-ready complexion, while the hyaluronic acid provides skin-smoothing benefits. Finally, pullulan has been added for its skin tightening and toning benefits while it also protects the skin from daily pollutants. Recommended for mature complexions and as a preventative anti-ageing treatment for younger skin. Not suitable for oily, problematic skin.","","","VR-ILG60","Mature | Uneven Skin Tone | Skincare","images/webp/illuminating-lifting-gel.webp","https://vitaderm.co.za/wp-content/uploads/2020/10/ILG60.jpg","https://vitaderm.co.za/product/illuminating-lifting-gel/","true","Directions not published; Ingredients not published"
"VitaDerm","Hydrating Treatment Cream","60ml tube with flip cap","719","ZAR","The Hydrating Treatment Cream contains hyaluronic acid, a natural component of healthy skin that helps increase hydration and suppleness. Both high- and low-molecular-weight hyaluronic acid have been incorporated into this formulation to boost the skin’s moisture levels. The addition of phyto extracts of rosewood, sandalwood and palmarosa helps to boost the skin’s natural defences. It is ideal for dehydrated skin.","The Hydrating Treatment Cream contains hyaluronic acid, a natural component of healthy skin that helps increase hydration and suppleness. Both high- and low-molecular-weight hyaluronic acid have been incorporated into this formulation to boost the skin’s moisture levels. The addition of phyto extracts of rosewood, sandalwood and palmarosa helps to boost the skin’s natural defences. It is ideal for dehydrated skin.","","","VR-HTC60","Dehydrated Skin | Skincare","images/webp/hydrating-treatment-cream.webp","https://vitaderm.co.za/wp-content/uploads/2020/10/HTC60.jpg","https://vitaderm.co.za/product/hydrating-treatment-cream/","true","Directions not published; Ingredients not published"
"VitaDerm","Anti-Ageing Treatment Cream","60ml tube with flip cap","840","ZAR","The Anti-Ageing Treatment Cream is an advanced active formulation containing glycosaminoglycan, a natural component of the dermis and deeper layers of the epidermis. This nutrient helps maintain suppleness and reduces the appearance of dehydration lines. The addition of a patented olive extract protects against harsh climatic conditions. This treatment cream is especially suited for mature or dry skin types. It is also ideal for normal to dry skin types as a preventive anti-ageing treatment. An Anti-Ageing Eye Cream is also available in the range.","The Anti-Ageing Treatment Cream is an advanced active formulation containing glycosaminoglycan, a natural component of the dermis and deeper layers of the epidermis. This nutrient helps maintain suppleness and reduces the appearance of dehydration lines. The addition of a patented olive extract protects against harsh climatic conditions. This treatment cream is especially suited for mature or dry skin types. It is also ideal for normal to dry skin types as a preventive anti-ageing treatment. An Anti-Ageing Eye Cream is also available in the range.","","","VR-AATC60","Dehydrated Skin | Mature | Skincare","images/webp/anti-ageing-treatment-cream.webp","https://vitaderm.co.za/wp-content/uploads/2020/10/AATC60.jpg","https://vitaderm.co.za/product/anti-ageing-treatment-cream/","true","Directions not published; Ingredients not published"
"VitaDerm","Ceramide Treatment Cream","60ml tube with flip cap","840","ZAR","The Ceramide Treatment Cream is an ultra-rich formulation containing Ceramide II that effectively restores the lipid barrier of the epidermis. In addition, the ceramide content effectively traps moisture and promotes a supple complexion. Highly recommended for mature and very dry skin types to offer lasting suppleness and all-day protection against moisture loss.","The Ceramide Treatment Cream is an ultra-rich formulation containing Ceramide II that effectively restores the lipid barrier of the epidermis. In addition, the ceramide content effectively traps moisture and promotes a supple complexion. Highly recommended for mature and very dry skin types to offer lasting suppleness and all-day protection against moisture loss.","","","VR-CTC60","Skincare","images/webp/ceramide-treatment-cream.webp","https://vitaderm.co.za/wp-content/uploads/2020/10/CTC60.jpg","https://vitaderm.co.za/product/ceramide-treatment-cream/","true","Directions not published; Ingredients not published"
"VitaDerm","Purifying Treatment Cream","60ml tube with flip cap","683","ZAR","This Purifying Treatment Cream is specially formulated for oily, acne-prone skin types. The key ingredient in this product is salicylic acid, which helps to maintain the integrity of the acid-pH of the skin, thereby offering natural resistance against bacterial infection and assisting in clearing blocked pores. Extracts of tea tree and aloe further enhance the anti-inflammatory effect, leaving the skin feeling hydrated and soothed. The formulation also greatly assists in the prevention of ingrown hair following wax treatments. This treatment cream should only be applied at night. Do not use this product if allergic to aspirin.","This Purifying Treatment Cream is specially formulated for oily, acne-prone skin types. The key ingredient in this product is salicylic acid, which helps to maintain the integrity of the acid-pH of the skin, thereby offering natural resistance against bacterial infection and assisting in clearing blocked pores. Extracts of tea tree and aloe further enhance the anti-inflammatory effect, leaving the skin feeling hydrated and soothed. The formulation also greatly assists in the prevention of ingrown hair following wax treatments. This treatment cream should only be applied at night. Do not use this product if allergic to aspirin.","Apply at night to cleansed and toned skin. It is essential to wear the Reflective Sun Barrier SPF25+ daily whilst using the Purifying Treatment Cream and for a week after use has been discontinued. For the prevention of ingrown hair, apply the treatment cream to the affected area 2-3 days after waxing.","AQUA, BUTYLENE GLYCOL, NIACINAMIDE, JOJOBA EXTRACT, GLYCERYL STEARATE, DIMETHICONE, SALICYLIC ACID, PEG-100 STEARATE, ALOE BARBADENSIS (LEAF) EXTRACT, MELALEUCA ALTERNIFOLIA (LEAF), EXTRACT, PHENOXYETHANOL, ETHYL HEXYL, GLYCERIN.","VR-PTC60","Breakout-Prone Skin | Skincare","images/webp/purifying-treatment-cream.webp","https://vitaderm.co.za/wp-content/uploads/2020/10/PTC60.jpg","https://vitaderm.co.za/product/purifying-treatment-cream/","false",""
"VitaDerm","Brightening Treatment Cream","60ml tube with flip cap","683","ZAR","The Brightening Treatment Cream contains advanced active ingredients such as arbutin and glutathione to help brighten the complexion and prevent ageing of the skin. This treatment cream is ideal for use as a night cream.","The Brightening Treatment Cream contains advanced active ingredients such as arbutin and glutathione to help brighten the complexion and prevent ageing of the skin. This treatment cream is ideal for use as a night cream.","","","VR-BTC60","Uneven Skin Tone | Skincare","images/webp/brightening-treatment-cream.webp","https://vitaderm.co.za/wp-content/uploads/2020/10/BTC60.jpg","https://vitaderm.co.za/product/brightening-treatment-cream/","true","Directions not published; Ingredients not published"
"VitaDerm","Multi-Vitamin Treatment Cream","60ml tube with flip cap","840","ZAR","This Multi-Vitamin Treatment Cream is a nourishing, vitamin-enriched formulation intended for night-time use. It is formulated with multi-vitamins, including Vitamin A, B3, B5, C and E which help improve skin texture and suppleness and restore skin health. Recommended for very dry and/or mature skin types in need of cellular regeneration and nourishment. Not recommended for ultra-sensitive complexions.","This Multi-Vitamin Treatment Cream is a nourishing, vitamin-enriched formulation intended for night-time use. It is formulated with multi-vitamins, including Vitamin A, B3, B5, C and E which help improve skin texture and suppleness and restore skin health. Recommended for very dry and/or mature skin types in need of cellular regeneration and nourishment. Not recommended for ultra-sensitive complexions.","","","VR-MVTC60","Mature | Uneven Skin Tone | Skincare","images/webp/multi-vitamin-treatment-cream.webp","https://vitaderm.co.za/wp-content/uploads/2020/10/MVTC60.jpg","https://vitaderm.co.za/product/multi-vitamin-treatment-cream/","true","Directions not published; Ingredients not published"
"VitaDerm","Firming Treatment Cream","100ml tube with flip cap","746","ZAR","The Firming Treatment Cream is formulated with hyaluronic acid as well as oligo- and tetra peptides which ensures deep hydration as well as superficial suppleness. This product is ideal for use on the neck and décolleté area, but is also perfectly suited for use on areas like the hands and arms, which may require more focused attention. Highly recommended as an anti-ageing treatment for skin lacking vibrancy and firmness.","The Firming Treatment Cream is formulated with hyaluronic acid as well as oligo- and tetra peptides which ensures deep hydration as well as superficial suppleness. This product is ideal for use on the neck and décolleté area, but is also perfectly suited for use on areas like the hands and arms, which may require more focused attention. Highly recommended as an anti-ageing treatment for skin lacking vibrancy and firmness.","","","VR-FTC100","Mature | Skincare","images/webp/firming-treatment-cream.webp","https://vitaderm.co.za/wp-content/uploads/2020/10/FTC100.jpg","https://vitaderm.co.za/product/firming-treatment-cream/","true","Directions not published; Ingredients not published"
"VitaDerm","Nourish & Revitalise Pack","TRIO PACK","912","ZAR","What’s in the box? Boost skin vitality with this nourishing and revitalising skin care pack including a Nourishing Cream Cleanser 100ml, Protective Cream 60ml and a FREE Vitality Booster Masque 60ml. These formulations work together to soothe skin and boost vibrancy while providing all-day protection against harsh elements to restore suppleness and fight against the signs of ageing. The perfect complement for healthier-looking skin. Nourishing Cream Cleanser 100ml An ultra-nourishing cleanser containing phyto extracts of almond and grape seed to offer effective emollient properties. The addition of frankincense and palmarosa extracts helps soothe and condition the skin. Protective Cream 60ml A conditioning cream formulation that offers all-day protection against the elements. Aromatic extracts of chamomile, sandalwood and lavender protect and soothe dry and sensitive skin while jojoba seed extract restores natural lipids and improves suppleness. FREE Vitality Booster Masque 60ml This skin revitalising masque is an ultra-nourishing formulation powered by super anti-oxidant nutriceuticals including Vitamin A, C and E as well as ferulic acid which offer outstanding anti-free radical and anti-ageing benefits to boost skin vitality.","What’s in the box? Boost skin vitality with this nourishing and revitalising skin care pack including a Nourishing Cream Cleanser 100ml, Protective Cream 60ml and a FREE Vitality Booster Masque 60ml. These formulations work together to soothe skin and boost vibrancy while providing all-day protection against harsh elements to restore suppleness and fight against the signs of ageing. The perfect complement for healthier-looking skin. Nourishing Cream Cleanser 100ml An ultra-nourishing cleanser containing phyto extracts of almond and grape seed to offer effective emollient properties. The addition of frankincense and palmarosa extracts helps soothe and condition the skin. Protective Cream 60ml A conditioning cream formulation that offers all-day protection against the elements. Aromatic extracts of chamomile, sandalwood and lavender protect and soothe dry and sensitive skin while jojoba seed extract restores natural lipids and improves suppleness. FREE Vitality Booster Masque 60ml This skin revitalising masque is an ultra-nourishing formulation powered by super anti-oxidant nutriceuticals including Vitamin A, C and E as well as ferulic acid which offer outstanding anti-free radical and anti-ageing benefits to boost skin vitality.","See pack for details.","See pack for details.","VR-NRTP","Skincare","images/webp/nourish-revitalise-pack.webp","https://vitaderm.co.za/wp-content/uploads/2024/07/NRPack_Online.jpg","https://vitaderm.co.za/product/nourish-revitalise-pack/","false",""
"VitaDerm","Anti-Ageing Eye Cream","","614","ZAR","The Anti-Ageing Eye Cream is a multi-active eye cream that offers excellent protection to the delicate eye area. This advanced active formulation incorporates Eyeseryl , a patented protein peptide, that is designed to smooth skin around the eyes. The addition of hyaluronic acid offers unsurpassed moisture-binding properties which help to plump up the skin and improve firmness. Ideal for mature and very dry skin types.","The Anti-Ageing Eye Cream is a multi-active eye cream that offers excellent protection to the delicate eye area. This advanced active formulation incorporates Eyeseryl , a patented protein peptide, that is designed to smooth skin around the eyes. The addition of hyaluronic acid offers unsurpassed moisture-binding properties which help to plump up the skin and improve firmness. Ideal for mature and very dry skin types.","","","VR-AAEC20","Mature | Skincare","images/webp/anti-ageing-eye-cream.webp","https://vitaderm.co.za/wp-content/uploads/2020/07/AACE20.jpg","https://vitaderm.co.za/product/anti-ageing-eye-cream/","true","Pack size needs manual review; Directions not published; Ingredients not published"
"VitaDerm","Eye & Lip Repair","15ml airless bottle with pump","788","ZAR","This Eye & Lip Repair is a light-weight serum that is formulated with multi-active ingredients. The AcquaCell™ content assists in visibly minimising fine lines and wrinkles around the delicate eye and lip area while the Vitamin C and E content offer anti-oxidant benefits. Rosehip extract has been added for its unsurpassed conditioning and anti-free-radical properties.","This Eye & Lip Repair is a light-weight serum that is formulated with multi-active ingredients. The AcquaCell™ content assists in visibly minimising fine lines and wrinkles around the delicate eye and lip area while the Vitamin C and E content offer anti-oxidant benefits. Rosehip extract has been added for its unsurpassed conditioning and anti-free-radical properties.","Apply sparingly to the eye and lip area during the morning and/or evening skin care routine. This serum may also be used as an eye and lip masque, once or twice a week, by applying more liberally. Allow to act for 20 minutes before removing the excess product for visible rejuvenation of the delicate skin around the eyes and lips.","","VR-ELRS15","Dehydrated Skin | Skincare","images/webp/eye-lip-repair.webp","https://vitaderm.co.za/wp-content/uploads/2020/07/ELR15.jpg","https://vitaderm.co.za/product/eye-lip-repair/","true","Ingredients not published"
"VitaDerm","Eye Lift Gel","15ml airless bottle with pump","609","ZAR","This Eye Lift Gel helps boost hydration and brightens the delicate skin around the eyes. It contains a patented peptide, Eyeseryl , which assists in reducing dark circles and puffiness under the eyes while maintaining collagen and improving suppleness. The addition of AcquaCell™ extract dramatically improves moisture levels within the skin, thereby softening the appearance of fine lines and wrinkles. Pullulan has been added for its outstanding skin firming and tightening effect. The benefits of this formulation are further enhanced by the witch hazel and aloe vera extracts which help to decongest and soothe the delicate eye area.","This Eye Lift Gel helps boost hydration and brightens the delicate skin around the eyes. It contains a patented peptide, Eyeseryl , which assists in reducing dark circles and puffiness under the eyes while maintaining collagen and improving suppleness. The addition of AcquaCell™ extract dramatically improves moisture levels within the skin, thereby softening the appearance of fine lines and wrinkles. Pullulan has been added for its outstanding skin firming and tightening effect. The benefits of this formulation are further enhanced by the witch hazel and aloe vera extracts which help to decongest and soothe the delicate eye area.","","","VR-ELG15","Dehydrated Skin | Normal Combination | Skincare","images/webp/eye-lift-gel.webp","https://vitaderm.co.za/wp-content/uploads/2026/07/ELG-15ml-Clear-Back.png","https://vitaderm.co.za/product/eye-lift-gel/","true","Directions not published; Ingredients not published"
"VitaDerm","Salicylic Spot Treatment","","347","ZAR","This Salicylic Spot Treatment contains salicylic acid as the main active ingredient which is well-known for its remarkable ability to clear congestion and reduce inflammation. The Vitamin B3 and E content boosts micro-circulation and skin healing. The effectiveness of this light-weight gel spot treatment is further enhanced through the addition of phyto extracts of tea tree, lavender and cedarwood which further act as anti-inflammatory agents to soothe skin and promote healing. This product is useful for breakouts on the face, as well as for use after lip waxing to help prevent pimple formation. It is also perfectly suited for application a few days after bikini-line waxing to prevent ingrown hair.","This Salicylic Spot Treatment contains salicylic acid as the main active ingredient which is well-known for its remarkable ability to clear congestion and reduce inflammation. The Vitamin B3 and E content boosts micro-circulation and skin healing. The effectiveness of this light-weight gel spot treatment is further enhanced through the addition of phyto extracts of tea tree, lavender and cedarwood which further act as anti-inflammatory agents to soothe skin and promote healing. This product is useful for breakouts on the face, as well as for use after lip waxing to help prevent pimple formation. It is also perfectly suited for application a few days after bikini-line waxing to prevent ingrown hair.","","","VR-SST20","Breakout-Prone Skin | Uneven Skin Tone | Skincare","images/webp/salicylic-spot-treatment.webp","https://vitaderm.co.za/wp-content/uploads/2020/07/SST20.jpg","https://vitaderm.co.za/product/salicylic-spot-treatment/","true","Pack size needs manual review; Directions not published; Ingredients not published"
"VitaDerm","Invisible Photo Defence SPF50 100ml","100ml tube with flip cap","578","ZAR","VitaDerm’s Invisible Photo Defence SPF50 is an advanced formula that offers the latest in sun protection. This sunscreen incorporates a combination of highly effective new-generation UV filters to provide invisible, broad-spectrum protection against harmful UVA and UVB radiation, including blue light emitted from electronic devices. The skin-protecting benefits of this high-factor sunscreen also offer effective anti-ageing properties. This sunscreen has a lightweight matte texture for universal appeal, making it perfect for all skin types including oily complexions. The formula quickly absorbs into the skin upon application to offer invisible defence, leaving no residue. It is non-irritating to the eyes and is ideal for those leading an active lifestyle. The active ingredients incorporated into this sunscreen work together to create a balanced sunscreen formulation that provides comprehensive sun protection and helps prevent sunburn and premature skin ageing.","VitaDerm’s Invisible Photo Defence SPF50 is an advanced formula that offers the latest in sun protection. This sunscreen incorporates a combination of highly effective new-generation UV filters to provide invisible, broad-spectrum protection against harmful UVA and UVB radiation, including blue light emitted from electronic devices. The skin-protecting benefits of this high-factor sunscreen also offer effective anti-ageing properties. This sunscreen has a lightweight matte texture for universal appeal, making it perfect for all skin types including oily complexions. The formula quickly absorbs into the skin upon application to offer invisible defence, leaving no residue. It is non-irritating to the eyes and is ideal for those leading an active lifestyle. The active ingredients incorporated into this sunscreen work together to create a balanced sunscreen formulation that provides comprehensive sun protection and helps prevent sunburn and premature skin ageing.","Apply daily over the moisturiser in the morning. In the case of dry or mature skin, apply the sunscreen UNDER the Soothing Balm. On application, this sunscreen forms a matte barrier against harsh environmental conditions, including pollution. This sunscreen is non-greasy and therefore water-resistant, not waterproof. Please reapply after swimming or sport. May be used on all skin types.","AQUA, DICAPRYLYL CARBONATE, OCTOCRYLENE, ETHYLHEXYL METHOXYCINNAMATE, CETEARYL ALCOHOL, METHYLENE BIS-BENZOTRIAZOLYL TETRAMETHYLBUTYLPHENOL (NANO), BUTYL METHOXYDIBENZOYLMETHANE, BIS-ETHYLHEXYLOXYPHENOL METHOXYPHENYL TRIAZINE, DICETYL PHOSPHATE, POLYESTER-7, CETETH-10 PHOSPHATE, STEARETH-21, DIMETHYLAMINO HYDROXYBENZOYL HEXYL BENZOATE, NEOPENTYL GLYCOL DIHEPTANOATE, DECYL GLUCOSIDE, PHENOXYETHANOL, PROPYLENE GLYCOL, STEARETH-2, CETEARYL GLUCOSIDE, ETHYLHEXYLGLYCERIN, DISODIUM EDTA, XANTHAN GUM, BUTYLATED HYDROXYTOLUENE, SODIUM HYDROXIDE.","VR-IPDSPF50100","Breakout-Prone Skin | Dehydrated Skin | Mature | Normal Combination | Uneven Skin Tone | Skincare","images/webp/invisible-photo-defence-spf50.webp","https://vitaderm.co.za/wp-content/uploads/2023/11/IPD100.jpg.webp","https://vitaderm.co.za/product/invisible-photo-defence-spf50/","false",""
"VitaDerm","Reflective Sunbarrier SPF25+","100ml tube with flip cap","520","ZAR","This Reflective Sun Barrier SPF25+ contains a high percentage of reflective content that offers protection against both UVA and UVB rays, making it a safer and healthier alternative to sunscreens containing high levels of chemicals. VitaDerm’s reflective sun barrier protects the skin from damaging sun rays that lead to sun burning and premature ageing of the skin. The non-greasy texture makes this product popular with men and women alike. The Reflective Sun Barrier SPF25+ should be worn daily by those who are prone to pigmentation.","This Reflective Sun Barrier SPF25+ contains a high percentage of reflective content that offers protection against both UVA and UVB rays, making it a safer and healthier alternative to sunscreens containing high levels of chemicals. VitaDerm’s reflective sun barrier protects the skin from damaging sun rays that lead to sun burning and premature ageing of the skin. The non-greasy texture makes this product popular with men and women alike. The Reflective Sun Barrier SPF25+ should be worn daily by those who are prone to pigmentation.","","","VR-SPF25100","Sensitive | Uneven Skin Tone | Skincare","images/webp/reflective-sunbarrier-spf25.webp","https://vitaderm.co.za/wp-content/uploads/2020/10/RSB25_100.jpg","https://vitaderm.co.za/product/reflective-sunbarrier-spf25/","true","Directions not published; Ingredients not published"
"VitaDerm","Rejuvenate & Restore Skin Capsules","30 capsules","767","ZAR","VitaDerm’s Rejuvenate and Restore capsules are formulated with 10% Argireline peptide solution What is Argireline ? Argireline is a hexapeptide composed of short chains of amino acids. It functions similarly to botulinum toxin, achieving its paralytic effect through rapid blockage of neuromuscular transmission thereby offering visible line-smoothing benefits with regular use. How does Argireline work? Argireline works by inhibiting muscle contractions, similar to Botox. After topical application, Argireline binds to cellular receptors where it acts on the message pathways to muscles, resulting in a temporary relaxation. By reducing facial muscle activity, it minimises the appearance of fine lines and wrinkles, particularly those caused by repetitive facial expressions. Visible results Reduces wrinkles Argireline acts on the message pathways to muscles, thereby offering a muscle-relaxing effect that reduces the appearance of wrinkles and fine lines caused by facial expressions. Regular use will help prevent new expression lines from forming. Non-invasive alternative to Botox This topical alternative to Botox (botulinum toxin injections) offers a non-invasive option for those avoiding injections. Supports collagen production Argireline incorporates amino acids that are essential for the production of collagen and elastin, contributing to skin elasticity and firmness. Safe and well-tolerated Argireline is a safe, non-invasive and topical solution for targeting expression lines. Hydration and moisture retention The synergistic effect of the ingredients contained in these capsules offers outstanding skin conditioning benefits, thereby improving moisture retention.","VitaDerm’s Rejuvenate and Restore capsules are formulated with 10% Argireline peptide solution What is Argireline ? Argireline is a hexapeptide composed of short chains of amino acids. It functions similarly to botulinum toxin, achieving its paralytic effect through rapid blockage of neuromuscular transmission thereby offering visible line-smoothing benefits with regular use. How does Argireline work? Argireline works by inhibiting muscle contractions, similar to Botox. After topical application, Argireline binds to cellular receptors where it acts on the message pathways to muscles, resulting in a temporary relaxation. By reducing facial muscle activity, it minimises the appearance of fine lines and wrinkles, particularly those caused by repetitive facial expressions. Visible results Reduces wrinkles Argireline acts on the message pathways to muscles, thereby offering a muscle-relaxing effect that reduces the appearance of wrinkles and fine lines caused by facial expressions. Regular use will help prevent new expression lines from forming. Non-invasive alternative to Botox This topical alternative to Botox (botulinum toxin injections) offers a non-invasive option for those avoiding injections. Supports collagen production Argireline incorporates amino acids that are essential for the production of collagen and elastin, contributing to skin elasticity and firmness. Safe and well-tolerated Argireline is a safe, non-invasive and topical solution for targeting expression lines. Hydration and moisture retention The synergistic effect of the ingredients contained in these capsules offers outstanding skin conditioning benefits, thereby improving moisture retention.","Twist open a single skin capsule and apply daily to cleansed skin focussing on areas of concern. Follow with your favourite VitaDerm moisturiser.","CYCLOPENTASILOXANE, DIMETHICONE CROSSPOLYMER, ETHYLHEXYL COCOATE, BIS-PEG/PPG-14/14 DIMETHICONE, STEARYL DIMETHICONE, WATER (AQUA), ACETYL HEXAPEPTIDE-8, OCTADECENE, DIMETHICONE, PHENOXYETHANOL, FRAGRANCE (PARFUM)","VR-RRSC30","Skincare","images/webp/rejuvenate-restore-skin-capsules.webp","https://vitaderm.co.za/wp-content/uploads/2024/02/Rejuvenate-Restore-Skin-Capsules.jpg.webp","https://vitaderm.co.za/product/rejuvenate-restore-skin-capsules/","false",""
"VitaDerm","Retin-Glow Skin Capsules","30 capsules","830","ZAR","VitaDerm’s Retin-Glow Skin Capsules are formulated with 2.2% Retinol, 2% Vitamin C and 0.05% Lipochroman molecule. What are the active ingredients? Retinol accelerates cell renewal and enhances skin regeneration resulting in the reduction of fine lines and wrinkles, giving the skin a youthful and plumper appearance. Vitamin C is a protective anti-oxidant that boosts collagen production and brightens the skin’s complexion resulting in an even and radiant skin tone. Lipochroman molecule promotes skin detoxification by capturing and eliminating free radicals in the skin, thereby offering superior antioxidant properties and protecting the skin against future free-radical damage. How does Retin-Glow Skin Capsules work? Retinol stimulates fibroblasts to produce collagen fibres and increases cell renewal, thereby improving elasticity, reducing inflammation and improving the appearance of wrinkles and fine lines. The powerful anti-oxidant properties from the Lipochroman molecule and Vitamin C help fight free radicals that cause premature skin ageing and brighten skin. Visible results Minimises wrinkles and fine lines Improves firmness and elasticity of the skin through cell renewal & regeneration. Brightens the skin Vitamin C is a powerful anti-oxidant that helps neutralise free radicals and targets dark spots, leaving skin with a bright and even radiance. Supports collagen synthesis Retinol increases cell proliferation and stimulates fibroblasts to produce collagen fibres. Protects the skin Guards against damage from UV exposure and offers anti-inflammatory effects due to anti-oxidants present.","VitaDerm’s Retin-Glow Skin Capsules are formulated with 2.2% Retinol, 2% Vitamin C and 0.05% Lipochroman molecule. What are the active ingredients? Retinol accelerates cell renewal and enhances skin regeneration resulting in the reduction of fine lines and wrinkles, giving the skin a youthful and plumper appearance. Vitamin C is a protective anti-oxidant that boosts collagen production and brightens the skin’s complexion resulting in an even and radiant skin tone. Lipochroman molecule promotes skin detoxification by capturing and eliminating free radicals in the skin, thereby offering superior antioxidant properties and protecting the skin against future free-radical damage. How does Retin-Glow Skin Capsules work? Retinol stimulates fibroblasts to produce collagen fibres and increases cell renewal, thereby improving elasticity, reducing inflammation and improving the appearance of wrinkles and fine lines. The powerful anti-oxidant properties from the Lipochroman molecule and Vitamin C help fight free radicals that cause premature skin ageing and brighten skin. Visible results Minimises wrinkles and fine lines Improves firmness and elasticity of the skin through cell renewal & regeneration. Brightens the skin Vitamin C is a powerful anti-oxidant that helps neutralise free radicals and targets dark spots, leaving skin with a bright and even radiance. Supports collagen synthesis Retinol increases cell proliferation and stimulates fibroblasts to produce collagen fibres. Protects the skin Guards against damage from UV exposure and offers anti-inflammatory effects due to anti-oxidants present.","Twist open a single skin capsule and apply the serum to cleansed skin at nighttime. Follow with your favourite VitaDerm moisturiser. Consult your skin therapists if you are introducing retinol-based formulations to your skin regime for the first time.","ETHYLHEXYL PALMITATE, GOSSYPIUM HERBACEUM (COTTON) SEED OIL, SQUALANE, DIISOSTEARYL DIMER DILINOLEATE, COCO-CAPRYLATE/CAPRATE, C13-15 ALKANE, DIISOSTEAROYL POLYGLYCERYL-3 DIMER DILINOLEATE, ASCORBYL TETRAISOPALMITATE, GLYCINE SOJA (SOYBEAN) OIL, POLYGLYCERYL-6 OLEATE, RETINOL, DIMETHYLMETHOXY CHROMANOL, BHT, FRAGRANCE (PARFUM)","VR-RGSC30","Skincare","images/webp/retin-glow-skin-capsules.webp","https://vitaderm.co.za/wp-content/uploads/2024/04/RetinGlowCapsules.jpg","https://vitaderm.co.za/product/retin-glow-skin-capsules/","false",""